{
  "total_samples": 580,
  "compiled_successfully": 519,
  "correct_state_count": 34,
  "correct_samples": [
    36,
    46,
    62,
    65,
    94,
    120,
    127,
    136,
    157,
    209,
    216,
    221,
    235,
    241,
    243,
    244,
    281,
    282,
    301,
    311,
    330,
    356,
    379,
    397,
    402,
    415,
    422,
    427,
    464,
    482,
    483,
    489,
    548,
    563
  ],
  "relative_entropy_threshold": 0.1,
  "samples_below_entropy_threshold": {
    "count": 101,
    "sample_indexes": [
      8,
      15,
      17,
      31,
      43,
      48,
      52,
      61,
      65,
      68,
      73,
      80,
      87,
      97,
      103,
      110,
      116,
      117,
      119,
      120,
      132,
      146,
      147,
      150,
      161,
      162,
      165,
      173,
      174,
      177,
      184,
      193,
      196,
      197,
      199,
      206,
      208,
      212,
      216,
      218,
      225,
      230,
      234,
      242,
      244,
      246,
      252,
      256,
      264,
      281,
      290,
      292,
      297,
      299,
      300,
      301,
      306,
      309,
      317,
      328,
      329,
      331,
      335,
      362,
      376,
      380,
      386,
      388,
      399,
      410,
      413,
      422,
      426,
      429,
      431,
      432,
      433,
      444,
      447,
      451,
      453,
      462,
      472,
      476,
      477,
      485,
      489,
      494,
      495,
      497,
      512,
      514,
      536,
      537,
      538,
      543,
      545,
      550,
      562,
      575,
      578
    ]
  },
  "average_relative_entropy": 13.456946151358958,
  "median_relative_entropy": 5.3882376192405825,
  "std_relative_entropy": 19.604855942277382,
  "average_random_initial_relative_entropy": 21.05737010084511,
  "average_relative_entropy_ratio": 0.6390611024507226,
  "average_expectation_value": -3.597465464935626,
  "median_expectation_value": -0.9004490327167985,
  "std_expectation_value": 9.477847856350834,
  "average_solution_expectation_value": -4.320864022163088,
  "average_random_expectation_value": -0.002281176361966901,
  "success_rate_expectation_value": 21.72413793103448
}