{
    "cost_hamiltonian": "0 * (I(0) @ I(7)) + 1 * (Z(0) @ Z(7)) + 0 * (I(0) @ I(7)) + 1 * (Z(0) @ Z(7))",
    "number_of_qubits": 10,
    "number_of_layers": 1,
    "ansatz_id": null,
    "exact_solution": {
        "smallest_eigenvalues": -2.0,
        "number_of_smallest_eigenvalues": 512,
        "first_excited_energy": 2.0
    },
    "qaoa_solution": null,
    "vqe_solution": {
        "states": [
            640,
            512
        ],
        "expectation_value": -1.716755599694212,
        "params": [
            [
                [
                    [
                        1.2672656462118483,
                        1.2256001855808463,
                        1.5850612164728084,
                        0.6681853711004866
                    ],
                    [
                        -0.010456330070730071,
                        1.130976223603688,
                        0.006021647074163494,
                        0.0020333044394869157
                    ],
                    [
                        0.5830047322845197,
                        1.3326683982697385,
                        0.0072228183593262395,
                        0.003773732231495425
                    ],
                    [
                        -0.36300169790495757,
                        0.2617715750973333,
                        0.00901251099294806,
                        0.005181419856472035
                    ],
                    [
                        -0.57592420826079,
                        0.07941866268487703,
                        0.005446253439403949,
                        0.0008065835213982538
                    ],
                    [
                        -0.4220217769944059,
                        0.3738520906319382,
                        0.00361249402714942,
                        0.00793152855792082
                    ],
                    [
                        -0.34323546110962516,
                        0.2789417180573367,
                        0.0067104968123438595,
                        0.008865682416587502
                    ],
                    [
                        0.34887698648894616,
                        0.3066993052312025,
                        0.45244820021697285,
                        0.04210135575733358
                    ],
                    [
                        -0.29995019461519273,
                        0.45796839261966343,
                        0.009865660040290106,
                        0.007299891060689401
                    ],
                    [
                        0.002383846262879178,
                        0.003917978378951124,
                        0.004845510021268708,
                        0.009944993868474632
                    ]
                ]
            ],
            [
                [
                    [
                        0.007732376986220182
                    ],
                    [
                        -0.5883863560629446
                    ],
                    [
                        0.15916353001312497
                    ],
                    [
                        0.3476484629492316
                    ],
                    [
                        -0.2521682899927964
                    ],
                    [
                        -0.3084648532934523
                    ],
                    [
                        -0.46403253973606373
                    ],
                    [
                        -0.5751830955802881
                    ],
                    [
                        -1.421714383014891
                    ],
                    [
                        -0.42569779233784716
                    ]
                ]
            ]
        ],
        "bitstrings": [
            "0111111111",
            "0110011111",
            "1100101011",
            "0110100100",
            "0110100101",
            "0110100110",
            "0110100111",
            "0110011110",
            "1100101010",
            "1100101000",
            "0110101100",
            "0110101101",
            "0110101110",
            "0110101111",
            "1100100011",
            "1100101001",
            "0110110100",
            "0110011101",
            "1100110000",
            "1100111010",
            "1100111001",
            "1100111000",
            "0110001100",
            "0110001101",
            "0110001110",
            "0110011100",
            "0110001111",
            "0110010100",
            "0110010101",
            "0110010110",
            "0110010111",
            "1100110010",
            "1100110001",
            "1100110011",
            "0110110101",
            "0110110110",
            "0110110111",
            "1100010011",
            "0111010100",
            "0111010101",
            "0111010110",
            "0111010111",
            "1100010010",
            "0111001111",
            "1100010001",
            "0111011100",
            "0111011101",
            "0111011110",
            "0111011111",
            "1100001011",
            "0111100100",
            "1100010000",
            "0111001110",
            "0111001101",
            "0111001100",
            "1100100010",
            "1100100001",
            "1100100000",
            "0110111100",
            "0110111101",
            "0110111110",
            "0110111111",
            "1100011011",
            "0111000100",
            "0111000101",
            "0111000110",
            "0111000111",
            "1100011010",
            "1100011001",
            "1100011000",
            "0110000111",
            "0111100101",
            "0110000110",
            "0110000100",
            "0100111110",
            "0100111111",
            "1101011011",
            "0101000100",
            "0101000101",
            "0101000110",
            "0100111101",
            "0101000111",
            "1101011001",
            "1101011000",
            "0101001100",
            "0101001101",
            "0101001110",
            "0101001111",
            "1101011010",
            "1101010011",
            "0100111100",
            "1101100001",
            "0100100111",
            "1101101010",
            "1101101001",
            "1101101000",
            "0100101100",
            "0100101101",
            "1101100000",
            "0100101110",
            "1101100011",
            "0100110100",
            "0100110101",
            "0100110110",
            "0100110111",
            "1101100010",
            "0100101111",
            "1010101000",
            "0101010101",
            "0101010110",
            "0101101111",
            "1101000011",
            "0101110100",
            "0101110101",
            "0101110110",
            "0101110111",
            "0101101110",
            "1101000010",
            "1101000000",
            "0101111100",
            "0101111101",
            "0101111110",
            "0101111111",
            "1100111011",
            "1101000001",
            "0101101101",
            "0101101100",
            "1101001000",
            "0101010111",
            "1101010010",
            "1101010001",
            "1101010000",
            "0101011100",
            "0101011101",
            "0101011110",
            "0101011111",
            "1101001011",
            "0101100100",
            "0101100101",
            "0101100110",
            "0101100111",
            "1101001010",
            "1101001001",
            "0110000101",
            "0111100110",
            "0111100111",
            "1100001010",
            "1001100011",
            "1011001011",
            "1011001010",
            "1001101000",
            "1001101001",
            "1001101010",
            "1001100010",
            "1001101011",
            "1011001000",
            "1001110000",
            "1001110001",
            "1001110010",
            "1001110011",
